{"cameraMode":{"drawMode":0,"name":"Shaded","section":"Shading Mode"},"sceneLighting":true,"audioPlay":false,"sceneViewState":{"showFog":true,"showMaterialUpdate":false,"showSkybox":true,"showFlares":true,"showImageEffects":true,"showParticleSystems":true},"in2DMode":false,"pivot":{"x":760.2796020507813,"y":245.83798217773438,"z":1144.1796875},"rotation":{"x":-0.041026726365089419,"y":0.9578654170036316,"z":-0.17609359323978425,"w":-0.22316573560237885},"size":0.6736136674880981,"orthographic":false}