{"cameraMode":{"drawMode":0,"name":"Shaded","section":"Shading Mode"},"sceneLighting":true,"audioPlay":false,"sceneViewState":{"showFog":true,"showMaterialUpdate":false,"showSkybox":true,"showFlares":true,"showImageEffects":true,"showParticleSystems":true},"in2DMode":false,"pivot":{"x":-0.03621974214911461,"y":-244.7686767578125,"z":93.05207824707031},"rotation":{"x":-0.49516528844833376,"y":0.015387377701699734,"z":-0.008768385276198388,"w":-0.8686271905899048},"size":443.25640869140627,"orthographic":false}