{"cameraMode":{"drawMode":0,"name":"Shaded","section":"Shading Mode"},"sceneLighting":true,"audioPlay":false,"sceneViewState":{"showFog":true,"showMaterialUpdate":false,"showSkybox":true,"showFlares":true,"showImageEffects":true,"showParticleSystems":true},"in2DMode":false,"pivot":{"x":-2.891268253326416,"y":2.410792350769043,"z":17.088056564331056},"rotation":{"x":0.01760639250278473,"y":0.9821733832359314,"z":-0.12142032384872437,"w":0.1424187272787094},"size":14.11374282836914,"orthographic":true}